Stkcd,year
001219,1999
600339,2000
600339,2001
001219,2002
600339,2002
600339,2003
600805,2003
600339,2004
600556,2004
600805,2004
000409,2005
000544,2005
000590,2005
600071,2005
600247,2005
600339,2005
600556,2005
600805,2005
000409,2006
000544,2006
000590,2006
000972,2006
600071,2006
600247,2006
600250,2006
600339,2006
600556,2006
600805,2006
000409,2007
000544,2007
000590,2007
000972,2007
300104,2007
300117,2007
600186,2007
600247,2007
600250,2007
600339,2007
600800,2007
600805,2007
000409,2008
000544,2008
000590,2008
000632,2008
000960,2008
000972,2008
300104,2008
300117,2008
600076,2008
600186,2008
600247,2008
600250,2008
600339,2008
600800,2008
600805,2008
000409,2009
000511,2009
000544,2009
000590,2009
000632,2009
000960,2009
000972,2009
002316,2009
300104,2009
300117,2009
600076,2009
600247,2009
600250,2009
600339,2009
600800,2009
600805,2009
600822,2009
000409,2010
000511,2010
000544,2010
000594,2010
000632,2010
000691,2010
000716,2010
000719,2010
000839,2010
000960,2010
000972,2010
002008,2010
002240,2010
002316,2010
002363,2010
002608,2010
002715,2010
300104,2010
300117,2010
300121,2010
300139,2010
300167,2010
300277,2010
600076,2010
600128,2010
600247,2010
600250,2010
600287,2010
600339,2010
600800,2010
600822,2010
000409,2011
000509,2011
000511,2011
000544,2011
000594,2011
000632,2011
000691,2011
000719,2011
000839,2011
000955,2011
000960,2011
000972,2011
002181,2011
002240,2011
002316,2011
002422,2011
002513,2011
002569,2011
002608,2011
002715,2011
300042,2011
300086,2011
300104,2011
300117,2011
300139,2011
300167,2011
300237,2011
300277,2011
300372,2011
600076,2011
600078,2011
600128,2011
600247,2011
600250,2011
600287,2011
600293,2011
600339,2011
600399,2011
600485,2011
600530,2011
600598,2011
600633,2011
600656,2011
600800,2011
600822,2011
000007,2012
000409,2012
000506,2012
000509,2012
000511,2012
000544,2012
000594,2012
000611,2012
000615,2012
000632,2012
000659,2012
000668,2012
000691,2012
000719,2012
000760,2012
000839,2012
000955,2012
000960,2012
000972,2012
000982,2012
002181,2012
002240,2012
002316,2012
002506,2012
002513,2012
002551,2012
002569,2012
002669,2012
002715,2012
002776,2012
002781,2012
300042,2012
300086,2012
300104,2012
300117,2012
300122,2012
300139,2012
300167,2012
300252,2012
300277,2012
300311,2012
300372,2012
300495,2012
600076,2012
600078,2012
600128,2012
600146,2012
600186,2012
600211,2012
600247,2012
600287,2012
600293,2012
600339,2012
600376,2012
600399,2012
600421,2012
600469,2012
600485,2012
600530,2012
600575,2012
600598,2012
600656,2012
600800,2012
600804,2012
600822,2012
601558,2012
000007,2013
000038,2013
000403,2013
000409,2013
000504,2013
000511,2013
000544,2013
000615,2013
000622,2013
000632,2013
000668,2013
000690,2013
000691,2013
000701,2013
000716,2013
000719,2013
000762,2013
000797,2013
000820,2013
000839,2013
000892,2013
000922,2013
000960,2013
000982,2013
002132,2013
002181,2013
002219,2013
002240,2013
002306,2013
002316,2013
002336,2013
002359,2013
002377,2013
002461,2013
002473,2013
002477,2013
002506,2013
002513,2013
002569,2013
002608,2013
002638,2013
002659,2013
002667,2013
002715,2013
002776,2013
002781,2013
300029,2013
300042,2013
300071,2013
300104,2013
300117,2013
300139,2013
300164,2013
300167,2013
300198,2013
300252,2013
300273,2013
300277,2013
300311,2013
300355,2013
300372,2013
300495,2013
300505,2013
300654,2013
600063,2013
600076,2013
600078,2013
600128,2013
600143,2013
600145,2013
600146,2013
600211,2013
600247,2013
600287,2013
600293,2013
600321,2013
600339,2013
600368,2013
600399,2013
600401,2013
600421,2013
600469,2013
600485,2013
600530,2013
600575,2013
600587,2013
600594,2013
600598,2013
600624,2013
600626,2013
600634,2013
600654,2013
600656,2013
600671,2013
600677,2013
600680,2013
600686,2013
600733,2013
600800,2013
600803,2013
600804,2013
600806,2013
600811,2013
600822,2013
600966,2013
601001,2013
601233,2013
601777,2013
601800,2013
000007,2014
000010,2014
000012,2014
000403,2014
000409,2014
000498,2014
000509,2014
000525,2014
000544,2014
000573,2014
000605,2014
000615,2014
000629,2014
000632,2014
000637,2014
000688,2014
000690,2014
000691,2014
000693,2014
000716,2014
000719,2014
000755,2014
000760,2014
000762,2014
000788,2014
000796,2014
000797,2014
000802,2014
000803,2014
000820,2014
000839,2014
000869,2014
000886,2014
000892,2014
000922,2014
000960,2014
000982,2014
000983,2014
002005,2014
002015,2014
002052,2014
002072,2014
002089,2014
002132,2014
002157,2014
002164,2014
002167,2014
002181,2014
002199,2014
002203,2014
002228,2014
002232,2014
002237,2014
002263,2014
002264,2014
002279,2014
002288,2014
002306,2014
002312,2014
002316,2014
002330,2014
002336,2014
002359,2014
002373,2014
002417,2014
002420,2014
002432,2014
002454,2014
002456,2014
002460,2014
002473,2014
002506,2014
002513,2014
002535,2014
002549,2014
002569,2014
002608,2014
002628,2014
002663,2014
002667,2014
002684,2014
002714,2014
002715,2014
002721,2014
002776,2014
002781,2014
300014,2014
300023,2014
300028,2014
300029,2014
300042,2014
300052,2014
300058,2014
300071,2014
300074,2014
300094,2014
300104,2014
300117,2014
300139,2014
300167,2014
300189,2014
300208,2014
300237,2014
300247,2014
300248,2014
300269,2014
300310,2014
300311,2014
300323,2014
300372,2014
300380,2014
300495,2014
300505,2014
300654,2014
600074,2014
600128,2014
600129,2014
600143,2014
600146,2014
600172,2014
600178,2014
600184,2014
600201,2014
600207,2014
600228,2014
600234,2014
600281,2014
600283,2014
600287,2014
600293,2014
600308,2014
600339,2014
600370,2014
600379,2014
600385,2014
600399,2014
600401,2014
600408,2014
600421,2014
600423,2014
600439,2014
600485,2014
600491,2014
600530,2014
600540,2014
600551,2014
600556,2014
600575,2014
600594,2014
600598,2014
600624,2014
600634,2014
600654,2014
600656,2014
600671,2014
600680,2014
600686,2014
600687,2014
600691,2014
600692,2014
600698,2014
600711,2014
600747,2014
600751,2014
600781,2014
600800,2014
600804,2014
600806,2014
600818,2014
600829,2014
600966,2014
601010,2014
601113,2014
601666,2014
601677,2014
601928,2014
688317,2016
605566,2017
002680,2019
301139,2019
002619,2022
300312,2022
300282,2024
603555,2024
000007,2025
000601,2025
000608,2025
000638,2025
000656,2025
000668,2025
000692,2025
000736,2025
000789,2025
000911,2025
001317,2025
001331,2025
001400,2025
002076,2025
002132,2025
002193,2025
002211,2025
002219,2025
002231,2025
002271,2025
002289,2025
002306,2025
002336,2025
002342,2025
002348,2025
002490,2025
002493,2025
002496,2025
002538,2025
002570,2025
002581,2025
002598,2025
002630,2025
002657,2025
002681,2025
002726,2025
002743,2025
002759,2025
002779,2025
002816,2025
002829,2025
002861,2025
002878,2025
002882,2025
002898,2025
002952,2025
002996,2025
300049,2025
300080,2025
300086,2025
300087,2025
300111,2025
300118,2025
300122,2025
300152,2025
300217,2025
300241,2025
300247,2025
300271,2025
300284,2025
300423,2025
300424,2025
300432,2025
300448,2025
300469,2025
300534,2025
300561,2025
300626,2025
300731,2025
300774,2025
300781,2025
300831,2025
300912,2025
301051,2025
301212,2025
301314,2025
301330,2025
301357,2025
301487,2025
600070,2025
600131,2025
600158,2025
600193,2025
600201,2025
600252,2025
600267,2025
600280,2025
600327,2025
600368,2025
600381,2025
600400,2025
600462,2025
600477,2025
600499,2025
600530,2025
600581,2025
600589,2025
600622,2025
600671,2025
600746,2025
600753,2025
600822,2025
600848,2025
600850,2025
600965,2025
601005,2025
601118,2025
601999,2025
603038,2025
603077,2025
603169,2025
603226,2025
603322,2025
603329,2025
603377,2025
603378,2025
603388,2025
603398,2025
603421,2025
603535,2025
603536,2025
603588,2025
603598,2025
603626,2025
603629,2025
603690,2025
603721,2025
603789,2025
603813,2025
603826,2025
603828,2025
603843,2025
603863,2025
603917,2025
603959,2025
603983,2025
605180,2025
605255,2025
605336,2025
605376,2025
688022,2025
688060,2025
688078,2025
688096,2025
688115,2025
688122,2025
688132,2025
688189,2025
688287,2025
688296,2025
688299,2025
688333,2025
688360,2025
688488,2025
688511,2025
688592,2025
688600,2025
688646,2025
688717,2025
688719,2025
900957,2025
920023,2025
920030,2025
920057,2025
920098,2025
920152,2025
920163,2025
920171,2025
920184,2025
920227,2025
920405,2025
920469,2025
920471,2025
920489,2025
920570,2025
920641,2025
920719,2025
920748,2025
920786,2025
920985,2025
000078,2026
000711,2026
000789,2026
000926,2026
001211,2026
002131,2026
002221,2026
002244,2026
002323,2026
002329,2026
002342,2026
002368,2026
002496,2026
002514,2026
002535,2026
002538,2026
002554,2026
002581,2026
002667,2026
002743,2026
002769,2026
002927,2026
002932,2026
300068,2026
300076,2026
300086,2026
300147,2026
300152,2026
300177,2026
300255,2026
300275,2026
300377,2026
300399,2026
300432,2026
300477,2026
300510,2026
300560,2026
300598,2026
300746,2026
300774,2026
300879,2026
300902,2026
300937,2026
301030,2026
301070,2026
301180,2026
301248,2026
600153,2026
600421,2026
600423,2026
600481,2026
600491,2026
600608,2026
600636,2026
600734,2026
600965,2026
603033,2026
603065,2026
603155,2026
603189,2026
603319,2026
603322,2026
603535,2026
603773,2026
603936,2026
603958,2026
605081,2026
605577,2026
688005,2026
688133,2026
688209,2026
688420,2026
688488,2026
688543,2026
688575,2026
688599,2026
920199,2026
920263,2026
920469,2026
920489,2026
920493,2026
920575,2026
920717,2026
920719,2026
920781,2026
920932,2026
920964,2026
920985,2026
